Date,Job Role,Location,Skill,Frequency
2026-03-30,Data Scientist,New York,Data Science,45
2026-03-30,Data Scientist,New York,Machine Learning,36
2026-03-30,Data Scientist,New York,Statistical Modeling,21
2026-03-30,Data Scientist,New York,AI,20
2026-03-30,Data Scientist,New York,Data Analysis,19
2026-03-30,Data Scientist,New York,Python,16
2026-03-30,Data Scientist,New York,NLP,12
2026-03-30,Data Scientist,New York,Data Engineering,7
2026-03-30,Data Scientist,New York,Marketing Analytics,7
2026-03-30,Data Scientist,New York,Model Development,5
2026-03-30,Data Scientist,New York,Deep Learning,3
2026-03-30,Data Scientist,New York,Predictive Modeling,3
